<?xml version="1.0" encoding="UTF-8"?>
<config xmlns="http://www.knime.org/2008/09/XMLConfig" xmlns:xsi="http://www.w3.org/2001/XMLSchema-instance" xsi:schemaLocation="http://www.knime.org/2008/09/XMLConfig http://www.knime.org/XMLConfig_2008_09.xsd" key="MiningSchema">
<config key="ignored">
<entry key="array-size" type="xint" value="0"/>
</config>
<config key="learning">
<entry key="array-size" type="xint" value="49"/>
<entry key="0" type="xstring" value="BM_PB"/>
<entry key="1" type="xstring" value="TB_if_ALL"/>
<entry key="2" type="xstring" value="FAB_if_AML"/>
<entry key="3" type="xstring" value="Year"/>
<entry key="4" type="xstring" value="Gender"/>
<entry key="5" type="xstring" value="pct_Blasts"/>
<entry key="6" type="xstring" value="Treatment_Response"/>
<entry key="7" type="xstring" value="PS"/>
<entry key="8" type="xstring" value="Source"/>
<entry key="9" type="xstring" value="D49950"/>
<entry key="10" type="xstring" value="D63880"/>
<entry key="11" type="xstring" value="J03473"/>
<entry key="12" type="xstring" value="J05243"/>
<entry key="13" type="xstring" value="L13278"/>
<entry key="14" type="xstring" value="L47738"/>
<entry key="15" type="xstring" value="M21551_rna1"/>
<entry key="16" type="xstring" value="M55150"/>
<entry key="17" type="xstring" value="M62762"/>
<entry key="18" type="xstring" value="M81933"/>
<entry key="19" type="xstring" value="M91432"/>
<entry key="20" type="xstring" value="S50223"/>
<entry key="21" type="xstring" value="U12471_cds1"/>
<entry key="22" type="xstring" value="U32944"/>
<entry key="23" type="xstring" value="U35451"/>
<entry key="24" type="xstring" value="U50136_rna1"/>
<entry key="25" type="xstring" value="U53468"/>
<entry key="26" type="xstring" value="U72342"/>
<entry key="27" type="xstring" value="U82759"/>
<entry key="28" type="xstring" value="X15949"/>
<entry key="29" type="xstring" value="X52142"/>
<entry key="30" type="xstring" value="X56411_rna1"/>
<entry key="31" type="xstring" value="X63469"/>
<entry key="32" type="xstring" value="X74262"/>
<entry key="33" type="xstring" value="X76061"/>
<entry key="34" type="xstring" value="X76648"/>
<entry key="35" type="xstring" value="X95735"/>
<entry key="36" type="xstring" value="Y08612"/>
<entry key="37" type="xstring" value="Y12670"/>
<entry key="38" type="xstring" value="D38073"/>
<entry key="39" type="xstring" value="AF012024_s"/>
<entry key="40" type="xstring" value="D26156_s"/>
<entry key="41" type="xstring" value="M84371_rna1_s"/>
<entry key="42" type="xstring" value="M31211_s"/>
<entry key="43" type="xstring" value="U09087_s"/>
<entry key="44" type="xstring" value="U26266_s"/>
<entry key="45" type="xstring" value="L49229_f"/>
<entry key="46" type="xstring" value="M31523"/>
<entry key="47" type="xstring" value="M28170"/>
<entry key="48" type="xstring" value="U29175"/>
</config>
<config key="target">
<entry key="array-size" type="xint" value="1"/>
<entry key="0" type="xstring" value="CLASS"/>
</config>
</config>
