<?xml version="1.0" encoding="UTF-8"?>
<config xmlns="http://www.knime.org/2008/09/XMLConfig" xmlns:xsi="http://www.w3.org/2001/XMLSchema-instance" xsi:schemaLocation="http://www.knime.org/2008/09/XMLConfig http://www.knime.org/XMLConfig_2008_09.xsd" key="MiningSchema">
<config key="ignored">
<entry key="array-size" type="xint" value="0"/>
</config>
<config key="learning">
<entry key="array-size" type="xint" value="16"/>
<entry key="0" type="xstring" value="Rating"/>
<entry key="1" type="xstring" value="Survey"/>
<entry key="2" type="xstring" value="Prize"/>
<entry key="3" type="xstring" value="Punishment"/>
<entry key="4" type="xstring" value="Aspen"/>
<entry key="5" type="xstring" value="Snowmass"/>
<entry key="6" type="xstring" value="Breckenridge"/>
<entry key="7" type="xstring" value="Keystone"/>
<entry key="8" type="xstring" value="ABasin"/>
<entry key="9" type="xstring" value="Loveland"/>
<entry key="10" type="xstring" value="CrestedButte"/>
<entry key="11" type="xstring" value="Vail"/>
<entry key="12" type="xstring" value="Silverton"/>
<entry key="13" type="xstring" value="WinterPark"/>
<entry key="14" type="xstring" value="Mary Jane"/>
<entry key="15" type="xstring" value="Eldora"/>
</config>
<config key="target">
<entry key="array-size" type="xint" value="0"/>
</config>
</config>
